                  epoch,         train/box_loss,         train/cls_loss,         train/dfl_loss,   metrics/precision(B),      metrics/recall(B),       metrics/mAP50(B),    metrics/mAP50-95(B),           val/box_loss,           val/cls_loss,           val/dfl_loss,                 lr/pg0,                 lr/pg1,                 lr/pg2
                      1,                   1.26,                  3.695,                 1.3287,                0.00517,                0.41653,                0.18284,                0.13104,                0.99511,                 3.7269,                 1.1525,                7.5e-05,                7.5e-05,                7.5e-05
                      2,                 1.3265,                 3.2352,                 1.3338,                0.01188,                0.46302,                0.20167,                0.14602,                0.99161,                 3.6239,                 1.1331,             0.00013033,             0.00013033,             0.00013033
                      3,                 1.3261,                 2.7573,                  1.394,                0.02236,                0.51087,                0.22974,                0.17175,                0.98242,                  3.492,                 1.1168,               0.000151,               0.000151,               0.000151
                      4,                 1.2416,                   2.42,                 1.2969,                0.02722,                0.52025,                0.24947,                0.19421,                0.99745,                 3.4056,                 1.1221,             0.00013703,             0.00013703,             0.00013703
                      5,                 1.2603,                 2.3343,                 1.3008,                0.02752,                0.53699,                0.25423,                0.18864,                 1.0254,                 3.3051,                 1.1317,               8.84e-05,               8.84e-05,               8.84e-05
